{
  "Login Site URL": "https://sdsm-tssng.ent.viwito.com",
  "User-Id": "administrator",
  "Password": "C50D0BA9B6F3",
  "Company Name": "SRI DATTA SAI MARKETING",
  "Company abr": "SDSM",
  "Item Company Name": [
    "CAVINKARE PRIVATE LIMITED"
  ],
  "Is Tax Inclusive": "Yes",
  "Business Name": "SRI DATTA SAI MARKETING",
  "Name": "MOHAN SRINIVAS PALVADI",
  "Email": "mohansrinivasp@gmail.com",
  "Mobile Number": 9989301929,
  "GST Number": "36ANIPP9320M1ZG",
  "PAN Card Number": "ANIPP9320M",
  "Business Type": "Distributor",
  "Area": "RC PURAM",
  "D-No / Street": "24-68,KAKAYATHIYA NAGAR, RAMACHANDRA PURAM, SANGAREDDY, TS",
  "City": "SANGAREDDY",
  "State": "TELANGANA",
  "Pincode": 502032,
  "Latitude": 17.506578,
  "Longitude": 78.305096,
  "API Secret": "d395182579a14ed",
  "API key": "b6f7a1682effecf",
  "Token": "token b6f7a1682effecf:d395182579a14ed",
  "Location Geo Json": "https://drive.google.com/drive/folders/1dx_-KVAXQ6yhVPmtefEOmnu8_pgGJ5zk",
  "Data Setup Path": "https://drive.google.com/drive/folders/10pTFooYlS8jTWyTJHYS0dRySIZQnIlc1",
  "Basic Setup": "Completed",
  "Basic Setup Error": "",
  "Test Data Setup": "InProgress",
  "Test Data Setup Error": "Error has occured at Step4ItemUpload",
  "Viwito Setup": "Completed",
  "Viwito Setup Error": "",
  "Company Image URL": "https://cdnstore-9e7f.kxcdn.com/groceries/95f669b4-ac64-11ed-afa1-0242ac120002.jpg",
  "Sales Person Name": " SAI TEJA",
  "Sales Person Number": 9985455044
}