{
  "Login Site URL": "https://saisa-apmtm.ent.viwito.com",
  "User-Id": "administrator",
  "Password": "c9a338336832",
  "Company Name": "Sai Srinivasa Agencies",
  "Company abr": "SSA",
  "Item Company Name": [
    "General Mills Pvt Ltd",
    "Morde food Pvt Ltd",
    "Dlecta Foods Pvt. Ltd.",
    "Doehler India Pvt. Ltd.",
    "Bakersville India Pvt. Ltd"
  ],
  "Is Tax Inclusive": "Yes",
  "Business Name": "SAI SRINIVASA AGENCIES",
  "Name": "S.Sitaram",
  "Email": "sitaramsingaraju@gmail.com",
  "Mobile Number": 9948876999,
  "GST Number": "37BAWPS9012B1ZD",
  "PAN Card Number": "BAWPS9012B",
  "Business Type": "Distributor",
  "Area": "Krishna district",
  "D-No / Street": "23/158-1,Ramanaiudupet",
  "City": "Machilipatnam",
  "State": "AndhraPradesh",
  "Pincode": 521001,
  "Latitude": 16.5109293,
  "Longitude": 80.6218577,
  "API Secret": "d036bb43e2e5813",
  "API key": "6ab47be8e9370a5",
  "Token": "token db80c3580c08c9d:06ea76c2f9a7510",
  "Location Geo Json": "https://drive.google.com/drive/folders/1xwVI6O9LtERCSyIlJ7qKkmms7f8Ov-xh",
  "Data Setup Path": "https://drive.google.com/drive/folders/108-IiXBsPG7AytL9fuZmC9GDFk4mnYbI",
  "Basic Setup": "Not Started",
  "Basic Setup Error": "",
  "Test Data Setup": "Completed",
  "Test Data Setup Error": "",
  "Viwito Setup": "Completed",
  "Viwito Setup Error": "",
  "Company Image URL": "https://cdnstore-9e7f.kxcdn.com/groceries/95f669b4-ac64-11ed-afa1-0242ac120002.jpg",
  "Sales Person Name": "Vijay Kumar",
  "Sales Person Number": 7095059376
}