{
  "ReadingParam": "Error Occured in the Basic Setupat ",
  "BasicSetUp": {
    "Step1DocCustomization": "Not Started",
    "Step2HideReports": "Not Started",
    "Step3AccountsUpload": "Not Started",
    "Step4SalesTaxesUpload": "Not Started",
    "Step5ItemTaxesUpload": "Not Started",
    "Step6PurchaseTaxUpload": "Not Started",
    "Step7WareHouseTree": "Not Started",
    "Step8CreateBeat": "Not Started",
    "Step9StockSettings": "Not Started",
    "Step10DriverUpload": "Not Started",
    "Step11VehicleUpload": "Not Started",
    "Step12ModeOfPayment": "Not Started",
    "Step13IsTaxInclusive": "Not Started",
    "Step14CompanyLogo": "Not Started"
  },
  "ViwitoSetUp": {
    "Step1CreateMerchant": "Not Started",
    "Step2VrsConfig": "Not Started",
    "Step3ProfileActive": "Not Started",
    "Step4Company": "Not Started",
    "Step5CustomerBulk": "Not Started",
    "Step6SalesPerson": "Not Started",
    "Step7VendorGeoMapping": "Not Started",
    "Step8PosProfile": "Not Started"
  },
  "DataSetUp": {
    "Step1BrandUpload": "Not Started",
    "Step2ItemCategoryUpload": "Not Started",
    "Step3ItemSubCategoryUpload": "Not Started",
    "Step4ItemUpload": "Not Started",
    "Step5CustomerOpeningBalance": "Not Started",
    "Step6SupplierOpeningBalance": "Not Started",
    "Step7PromotionalSchemeUpload": "Not Started",
    "Step8AccountingRefresh": "Not Started"
  }
}