{
  "Login Site URL": "https://srask-apvjw.ent.viwito.com",
  "User-Id": "administrator",
  "Password": "5DA804C4E371",
  "Company Name": "SRI ASHOKA ENTERPRISES",
  "Company abr": "SAE",
  "Item Company Name": [
    "General Mills Pvt Ltd",
    "Morde food Pvt Ltd",
    "Dlecta Foods Pvt. Ltd.",
    "Doehler India Pvt. Ltd.",
    "Bakersville India Pvt. Ltd"
  ],
  "Is Tax Inclusive": "Yes",
  "Business Name": "SRI ASHOKA ENTERPRISES",
  "Name": "Dilip Kumar",
  "Email": "avashoka003@gmail.com",
  "Mobile Number": 9908040043,
  "GST Number": "37ADLPA1890L1ZA",
  "PAN Card Number": "ADLPA1890L",
  "Business Type": "Distributor",
  "Area": "Krishna district",
  "D-No / Street": "Ground floor, 27-23-54,Gopal Reddy road, Governor peta, Vijayawada",
  "City": "Vijayawada",
  "State": "AndhraPradesh",
  "Pincode": 52008,
  "Latitude": 16.5109293,
  "Longitude": 80.6218577,
  "API Secret": "06ea76c2f9a7510",
  "API key": "db80c3580c08c9d",
  "Token": "token db80c3580c08c9d:06ea76c2f9a7510",
  "Location Geo Json": "https://drive.google.com/drive/folders/1xwVI6O9LtERCSyIlJ7qKkmms7f8Ov-xh",
  "Data Setup Path": "https://drive.google.com/drive/folders/108-IiXBsPG7AytL9fuZmC9GDFk4mnYbI",
  "Basic Setup": "InProgress",
  "Basic Setup Error": "Error has occured at Step4SalesTaxesUpload",
  "Test Data Setup": "Not Started",
  "Test Data Setup Error": "",
  "Viwito Setup": "Not Started",
  "Viwito Setup Error": "",
  "Company Image URL": "https://cdnstore-9e7f.kxcdn.com/groceries/95f669b4-ac64-11ed-afa1-0242ac120002.jpg",
  "Sales Person Name": "",
  "Sales Person Number": ""
}